{
  "algorithm": "PPO",
  "agent_type": "single_agent",
  "timestamp": "20250919_214803",
  "training_start_time": "2025-09-19T21:48:03.709517",
  "training_config": {
    "num_episodes": 2,
    "training_time_hours": 0.0003647804922527737,
    "max_steps_per_episode": 100
  },
  "episode_rewards": [
    -479.1255305781954,
    -654.6117630830965
  ],
  "episode_metrics": {
    "avg_delay": [],
    "total_energy": [],
    "task_completion_rate": [
      0.7619047619047619,
      0.5
    ],
    "cache_hit_rate": [
      0.0,
      0.0
    ],
    "migration_success_rate": [
      0.8,
      0.8
    ]
  },
  "final_performance": {
    "avg_reward": -566.868646830646,
    "avg_delay": 0.5974053792822628,
    "avg_completion": 0.6309523809523809
  }
}