{
  "algorithm": "MADDPG",
  "timestamp": "20250919_222448",
  "training_start_time": "2025-09-19T22:24:48.925419",
  "training_config": {
    "num_episodes": 2,
    "training_time_hours": 0.0011139994197421604,
    "max_steps_per_episode": 200
  },
  "episode_rewards": [
    227.41217156396024,
    223.37859877996925
  ],
  "episode_metrics": {
    "avg_task_delay": [
      0.0,
      0.0
    ],
    "total_energy_consumption": [
      0.027793899214922434,
      2000.0
    ],
    "task_completion_rate": [
      0.0,
      0.0
    ],
    "cache_hit_rate": [
      0.0,
      1.0
    ],
    "migration_success_rate": [
      0.8,
      0.8
    ],
    "data_loss_rate": [
      0.0,
      0.0
    ]
  },
  "final_performance": {
    "avg_reward": 225.39538517196473,
    "avg_delay": 0.0,
    "avg_completion": 0.0
  }
}