{
  "algorithm": "DDPG",
  "agent_type": "single_agent",
  "timestamp": "20250920_134559",
  "training_start_time": "2025-09-20T13:45:59.240583",
  "training_config": {
    "num_episodes": 10,
    "training_time_hours": 0.0024648522006140814,
    "max_steps_per_episode": 200
  },
  "episode_rewards": [
    -16.299943462407565,
    -12.370086769350737,
    -34.79234913332768,
    -42.28872871391728,
    -45.524955557216295,
    -37.44421192516816,
    -24.266813850793742,
    -34.33036567988256,
    -51.65565984805961,
    -43.71079936348331
  ],
  "episode_metrics": {
    "avg_delay": [],
    "total_energy": [],
    "task_completion_rate": [
      1.0,
      1.0,
      1.0,
      1.0,
      1.0,
      1.0,
      1.0,
      1.0,
      0.0,
      1.0
    ],
    "cache_hit_rate": [
      0.0,
      0.0,
      1.0,
      0.0,
      0.0,
      0.25,
      1.0,
      0.0,
      0.0,
      0.0
    ],
    "migration_success_rate": [
      0.8,
      0.8,
      0.8,
      0.8,
      0.8,
      0.8,
      0.8,
      0.8,
      0.8,
      0.8
    ]
  },
  "final_performance": {
    "avg_reward": -34.268391430360694,
    "avg_delay": 0.10690453520211121,
    "avg_completion": 0.9
  }
}