{
  "algorithm": "DDPG",
  "agent_type": "single_agent",
  "timestamp": "20250919_214645",
  "training_start_time": "2025-09-19T21:46:45.301152",
  "training_config": {
    "num_episodes": 2,
    "training_time_hours": 0.00024426685439215765,
    "max_steps_per_episode": 100
  },
  "episode_rewards": [
    -0.6716680132262842,
    -948.075098072524
  ],
  "episode_metrics": {
    "avg_delay": [],
    "total_energy": [],
    "task_completion_rate": [
      0.6428571428571429,
      0.5555555555555556
    ],
    "cache_hit_rate": [
      0.0,
      0.0
    ],
    "migration_success_rate": [
      0.8,
      0.8
    ]
  },
  "final_performance": {
    "avg_reward": -474.37338304287516,
    "avg_delay": 0.4670546010746002,
    "avg_completion": 0.5992063492063493
  }
}