{
  "algorithm": "DDPG",
  "agent_type": "single_agent",
  "timestamp": "20250919_161738",
  "training_start_time": "2025-09-19T16:17:38.774704",
  "training_config": {
    "num_episodes": 10,
    "training_time_hours": 0.0017530978388256497,
    "max_steps_per_episode": 100
  },
  "episode_rewards": [
    -951.057881631672,
    -245.22277525030998,
    -46.751830569556645,
    -152.75086900777782,
    -37.153920311983704,
    -3.26224902298552,
    -122.64738860219781,
    29.591606692394812,
    -127.76847651783582,
    -219.17077250397222
  ],
  "episode_metrics": {
    "avg_delay": [],
    "total_energy": [],
    "task_completion_rate": [
      0.3783783783783784,
      0.4444444444444444,
      0.52,
      0.46875,
      0.45161290322580644,
      0.5862068965517241,
      0.5357142857142857,
      0.5333333333333333,
      0.5151515151515151,
      0.4827586206896552
    ],
    "cache_hit_rate": [
      0.0,
      0.0,
      0.0,
      0.0,
      0.0,
      0.0,
      0.0,
      0.0,
      0.0,
      0.0
    ],
    "migration_success_rate": [
      0.8,
      0.8,
      0.8,
      0.8,
      0.8,
      0.8,
      0.8,
      0.8,
      0.8,
      0.8
    ]
  },
  "final_performance": {
    "avg_reward": -187.61945567258968,
    "avg_delay": 0.5748851147306764,
    "avg_completion": 0.49163503774891415
  }
}