{
  "algorithm": "DDPG",
  "agent_type": "single_agent",
  "timestamp": "20250919_214621",
  "training_start_time": "2025-09-19T21:46:21.472592",
  "training_config": {
    "num_episodes": 5,
    "training_time_hours": 0.0005806099706225926,
    "max_steps_per_episode": 100
  },
  "episode_rewards": [
    -113.54229358821672,
    -246.7516985666609,
    -833.440577211901,
    -179.0931964170841,
    -163.40607016387628
  ],
  "episode_metrics": {
    "avg_delay": [],
    "total_energy": [],
    "task_completion_rate": [
      0.6206896551724138,
      0.6521739130434783,
      0.5769230769230769,
      0.4375,
      0.6296296296296297
    ],
    "cache_hit_rate": [
      0.0,
      0.0,
      0.0,
      0.0,
      0.0
    ],
    "migration_success_rate": [
      0.8,
      0.8,
      0.8,
      0.8,
      0.8
    ]
  },
  "final_performance": {
    "avg_reward": -307.24676718954777,
    "avg_delay": 0.5989750156531004,
    "avg_completion": 0.5833832549537197
  }
}