{
  "algorithm": "DDPG",
  "agent_type": "single_agent",
  "timestamp": "20250921_003403",
  "training_start_time": "2025-09-21T00:34:03.652318",
  "training_config": {
    "num_episodes": 5,
    "training_time_hours": 0.0007674576176537408,
    "max_steps_per_episode": 200
  },
  "episode_rewards": [
    -43.16019031514086,
    -26.181302897278634,
    -24.985337027451532,
    -43.008733204994336,
    -30.524370573730444
  ],
  "episode_metrics": {
    "avg_delay": [],
    "total_energy": [],
    "task_completion_rate": [
      1.0,
      1.0,
      1.0,
      0.0,
      1.0
    ],
    "cache_hit_rate": [
      0.5,
      1.0,
      1.0,
      0.0,
      0.0
    ],
    "migration_success_rate": [
      0.8468811623330146,
      0.853501201846214,
      0.98,
      0.98,
      0.98
    ]
  },
  "final_performance": {
    "avg_reward": -33.571986803719156,
    "avg_delay": 0.13592184690625758,
    "avg_completion": 0.8
  }
}