{
  "algorithm": "DDPG",
  "agent_type": "single_agent",
  "timestamp": "20250919_203030",
  "training_start_time": "2025-09-19T20:30:30.776774",
  "training_config": {
    "num_episodes": 3,
    "training_time_hours": 0.0003376150131225586,
    "max_steps_per_episode": 100
  },
  "episode_rewards": [
    -998.9957454007998,
    -156.3044235409523,
    -248.61600411410825
  ],
  "episode_metrics": {
    "avg_delay": [],
    "total_energy": [],
    "task_completion_rate": [
      0.5151515151515151,
      0.4444444444444444,
      0.4827586206896552
    ],
    "cache_hit_rate": [
      0.0,
      0.0,
      0.0
    ],
    "migration_success_rate": [
      0.8,
      0.8,
      0.8
    ]
  },
  "final_performance": {
    "avg_reward": -467.97205768528676,
    "avg_delay": 0.5901942286033496,
    "avg_completion": 0.48078486009520494
  }
}