{
  "algorithm": "DDPG",
  "agent_type": "single_agent",
  "timestamp": "20250919_140605",
  "training_start_time": "2025-09-19T14:06:05.171332",
  "training_config": {
    "num_episodes": 20,
    "training_time_hours": 0.004943290154139201,
    "max_steps_per_episode": 100
  },
  "episode_rewards": [
    611.324098689365,
    675.6972981841665,
    629.4862761062934,
    638.5431773761973,
    609.6569226521761,
    616.0722117956755,
    569.2575184265371,
    607.2735170822037,
    551.6565784592224,
    642.5796898108863,
    615.4678452267025,
    588.3453131693957,
    578.0129512381643,
    880.2802190977184,
    731.9581037759013,
    790.6234926137403,
    607.7754602791885,
    616.1851357764826,
    627.37967747072,
    675.8580209651568
  ],
  "episode_metrics": {
    "avg_delay": [],
    "total_energy": [],
    "task_completion_rate": [
      0.7872340425531915,
      0.8205128205128205,
      0.9183673469387755,
      0.7959183673469388,
      0.7631578947368421,
      0.7307692307692307,
      0.7872340425531915,
      0.7045454545454546,
      0.7297297297297297,
      0.75,
      0.9090909090909091,
      0.8222222222222222,
      0.7631578947368421,
      0.9387755102040817,
      0.7209302325581395,
      0.7916666666666666,
      0.7142857142857143,
      0.825,
      0.8076923076923077,
      0.8627450980392157
    ],
    "cache_hit_rate": [
      1.0,
      1.0,
      1.0,
      1.0,
      1.0,
      1.0,
      1.0,
      1.0,
      1.0,
      1.0,
      1.0,
      0.9705882352941176,
      1.0,
      1.0,
      0.9642857142857143,
      1.0,
      1.0,
      0.9615384615384616,
      1.0,
      1.0
    ],
    "migration_success_rate": [
      0.8,
      0.8,
      0.8,
      0.8,
      0.8,
      0.8,
      0.8,
      0.8,
      0.8,
      0.8,
      0.8,
      0.8,
      0.8,
      0.8,
      0.8,
      0.8,
      0.8,
      0.8,
      0.8,
      0.8
    ]
  },
  "final_performance": {
    "avg_reward": 643.1716754097948,
    "avg_delay": 0.08432587034213843,
    "avg_completion": 0.7971517742591137
  }
}