{
  "algorithm": "DDPG",
  "agent_type": "single_agent",
  "timestamp": "20250918_234343",
  "training_start_time": "2025-09-18T23:43:43.514487",
  "training_config": {
    "num_episodes": 10,
    "training_time_hours": 0.0013960575395160252,
    "max_steps_per_episode": 100
  },
  "episode_rewards": [
    -17.953631754585945,
    -20.317144464721018,
    -6.279064952381069,
    -18.477101083975164,
    -5.0265303793941305,
    -13.663195031215094,
    -20.06784583522816,
    -10.586926832507285,
    -30.04291643726347,
    -22.382316241835834
  ],
  "episode_metrics": {
    "avg_delay": [],
    "total_energy": [],
    "task_completion_rate": [
      0.6585365853658537,
      0.7636363636363637,
      0.6904761904761905,
      0.7105263157894737,
      0.7058823529411765,
      0.7843137254901961,
      0.7368421052631579,
      0.5777777777777777,
      0.8292682926829268,
      0.7692307692307693
    ],
    "cache_hit_rate": [
      1.0,
      1.0,
      1.0,
      1.0,
      1.0,
      1.0,
      1.0,
      1.0,
      1.0,
      1.0
    ],
    "migration_success_rate": [
      0.8,
      0.8,
      0.8,
      0.8,
      0.8,
      0.8,
      0.8,
      0.8,
      0.8,
      0.8
    ]
  },
  "final_performance": {
    "avg_reward": -16.47966730131072,
    "avg_delay": 0.020863272919158248,
    "avg_completion": 0.7226490478653884
  }
}