{
  "algorithm": "MATD3",
  "episodes": 5,
  "reward_history": [
    NaN,
    NaN,
    NaN,
    NaN,
    NaN
  ],
  "performance_stats": {
    "completion_rates": [
      0.6485085197998337,
      0.5918877877354097,
      0.6763475946526667,
      0.6863422091191927,
      0.5459434709143315
    ],
    "cache_hit_rates": [
      0.051950962350343154,
      0.0635789756339292,
      0.026935358758888174,
      0.0569949494949495,
      0.058506855373728434
    ],
    "energy_consumptions": [
      2000.0,
      2000.0,
      2000.0,
      2000.0,
      2000.0
    ],
    "task_delays": [
      Infinity,
      Infinity,
      Infinity,
      Infinity,
      Infinity
    ]
  },
  "final_stats": {
    "final_completion_rate": 0.6298059164442869,
    "final_cache_hit_rate": 0.05159342032236769,
    "final_energy_consumption": 2000.0,
    "final_task_delay": Infinity
  },
  "stability_analysis": {
    "stability_score": 1.0,
    "variance": 0.0
  },
  "timestamp": "2025-09-19T17:19:16.704401"
}