{
  "algorithm": "MATD3",
  "episodes": 5,
  "reward_history": [
    47.18505890374272,
    48.73758101027591,
    58.887101701541106,
    52.10948278531586,
    48.447809106225556
  ],
  "delay_statistics": {
    "mean": 0.6338809535089397,
    "std": 0.05101241866543352,
    "min": 0.5581748795484851,
    "max": 0.6968383860547595,
    "median": 0.652213342972606,
    "count": 5,
    "invalid_count": 0
  },
  "cache_performance": {
    "overall_hit_rate": 0.0,
    "total_requests": 0,
    "total_hits": 0,
    "avg_cache_utilization": 0,
    "num_cache_managers": 6,
    "performance_grade": "C"
  },
  "improvements": {
    "delay_calculation": "Fixed infinite values and division by zero",
    "cache_optimization": "Applied advanced caching strategies",
    "warmup_strategy": "Implemented intelligent cache warmup"
  },
  "timestamp": "2025-09-19T17:29:06.666723"
}