{
  "algorithm": "MATD3",
  "timestamp": "20250919_230502",
  "training_start_time": "2025-09-19T23:05:02.457608",
  "training_config": {
    "num_episodes": 3,
    "training_time_hours": 0.0018061992857191299,
    "max_steps_per_episode": 200
  },
  "episode_rewards": [
    332.072455355857,
    398.1241395413588,
    321.99671334473203
  ],
  "episode_metrics": {
    "avg_task_delay": [
      0.5088062632235429,
      0.053030662606705865,
      0.03258944808262454
    ],
    "total_energy_consumption": [
      2000.0,
      0.04680300684685069,
      0.016560809530663356
    ],
    "task_completion_rate": [
      0.6666666666666666,
      1.0,
      1.0
    ],
    "cache_hit_rate": [
      0.3333333333333333,
      0.0,
      0.0
    ],
    "migration_success_rate": [
      0.8,
      0.8,
      0.8
    ],
    "data_loss_rate": [
      0.3333333333333333,
      0.0,
      0.0
    ]
  },
  "final_performance": {
    "avg_reward": 350.7311027473159,
    "avg_delay": 0.19814212463762446,
    "avg_completion": 0.8888888888888888
  }
}