{
  "algorithm": "MATD3",
  "timestamp": "20250920_013601",
  "training_start_time": "2025-09-20T01:36:01.047623",
  "training_config": {
    "num_episodes": 3,
    "training_time_hours": 0.0014555248949262832,
    "max_steps_per_episode": 200
  },
  "episode_rewards": [
    355.5859499418343,
    384.60682000737114,
    307.47106775012315
  ],
  "episode_metrics": {
    "avg_task_delay": [
      0.0010552846512377294,
      0.047424541858354693,
      1.0
    ],
    "total_energy_consumption": [
      0.03781494401617983,
      0.03842653698021636,
      2000.0
    ],
    "task_completion_rate": [
      1.0,
      1.0,
      1.0
    ],
    "cache_hit_rate": [
      1.0,
      0.0,
      1.0
    ],
    "migration_success_rate": [
      0.8,
      0.8,
      0.8
    ],
    "data_loss_rate": [
      0.0,
      0.0,
      0.0
    ]
  },
  "final_performance": {
    "avg_reward": 349.22127923310956,
    "avg_delay": 0.3494932755031975,
    "avg_completion": 1.0
  }
}