{
  "algorithm": "MATD3",
  "timestamp": "20250919_230436",
  "training_start_time": "2025-09-19T23:04:36.751584",
  "training_config": {
    "num_episodes": 5,
    "training_time_hours": 0.0035123662816153632,
    "max_steps_per_episode": 200
  },
  "episode_rewards": [
    362.25608650218356,
    462.39239561882687,
    353.2155188289318,
    416.5706314469091,
    475.88505057608654
  ],
  "episode_metrics": {
    "avg_task_delay": [
      0.14607070371298786,
      0.10339507896463426,
      0.08522958727569296,
      0.2303674927301717,
      0.0
    ],
    "total_energy_consumption": [
      0.14192389103355568,
      0.06566996874703893,
      0.03826363520498904,
      0.4564506114078084,
      0.0
    ],
    "task_completion_rate": [
      1.0,
      1.0,
      1.0,
      1.0,
      0.0
    ],
    "cache_hit_rate": [
      0.0,
      0.0,
      0.0,
      0.0,
      0.0
    ],
    "migration_success_rate": [
      0.8,
      0.8,
      0.8,
      0.8,
      0.8
    ],
    "data_loss_rate": [
      0.0,
      0.0,
      0.0,
      0.0,
      1.0
    ]
  },
  "final_performance": {
    "avg_reward": 414.0639365945875,
    "avg_delay": 0.11301257253669736,
    "avg_completion": 0.8
  }
}