{
  "algorithm": "MATD3",
  "timestamp": "20250919_162530",
  "training_start_time": "2025-09-19T16:25:30.785687",
  "training_config": {
    "num_episodes": 5,
    "training_time_hours": 0.0011583553420172798,
    "max_steps_per_episode": 100
  },
  "episode_rewards": [
    83.89596143926943,
    83.90606297894415,
    84.21506872911904,
    95.88467975114041,
    19.863764872505556
  ],
  "episode_metrics": {
    "avg_task_delay": [
      0.5605646069161699,
      0.5631491277396433,
      0.6876212144621472,
      0.5675644002817071,
      0.545951600754076
    ],
    "total_energy_consumption": [
      1000.0,
      1000.0,
      1000.0,
      1000.0,
      1000.0
    ],
    "task_completion_rate": [
      0.3870967741935484,
      0.3611111111111111,
      0.5,
      0.6176470588235294,
      0.5217391304347826
    ],
    "cache_hit_rate": [
      0.0,
      0.0,
      0.0,
      0.0,
      0.0
    ],
    "migration_success_rate": [
      0.8,
      0.8,
      0.8,
      0.8,
      0.8
    ],
    "data_loss_rate": [
      0.12903225806451613,
      0.08333333333333333,
      0.34615384615384615,
      0.08823529411764706,
      0.6521739130434783
    ]
  },
  "final_performance": {
    "avg_reward": 73.55310755419572,
    "avg_delay": 0.5849701900307487,
    "avg_completion": 0.4775188149125943
  }
}