{
  "standard": {
    "MATD3-MIG": {
      "avg_delay": 1.000742215158303,
      "total_energy": 25490098.511647128,
      "completion_rate": 0.8495033333333334,
      "drop_rate": 0.15049666666666667,
      "cache_hit_rate": 1.0,
      "total_tasks": 300000,
      "completed_tasks": 254851,
      "dropped_tasks": 45149
    },
    "Random": {
      "avg_delay": 1.7002380919692544,
      "total_energy": 27308819.277575728,
      "completion_rate": 0.6500366666666667,
      "drop_rate": 0.34996333333333335,
      "cache_hit_rate": 0.2,
      "total_tasks": 300000,
      "completed_tasks": 195011,
      "dropped_tasks": 104989
    },
    "Greedy": {
      "avg_delay": 1.3494020643619171,
      "total_energy": 26939461.814087924,
      "completion_rate": 0.7801466666666667,
      "drop_rate": 0.21985333333333335,
      "cache_hit_rate": 0.35,
      "total_tasks": 300000,
      "completed_tasks": 234044,
      "dropped_tasks": 65956
    },
    "Round_Robin": {
      "avg_delay": 1.4696513949712293,
      "total_energy": 26765623.559178192,
      "completion_rate": 0.7189633333333333,
      "drop_rate": 0.28103666666666666,
      "cache_hit_rate": 0.25,
      "total_tasks": 300000,
      "completed_tasks": 215689,
      "dropped_tasks": 84311
    },
    "Load_Aware": {
      "avg_delay": 1.2398612048255762,
      "total_energy": 26550154.82692974,
      "completion_rate": 0.81985,
      "drop_rate": 0.18015,
      "cache_hit_rate": 0.45,
      "total_tasks": 300000,
      "completed_tasks": 245955,
      "dropped_tasks": 54045
    },
    "improvements": {
      "Random": {
        "delay_improvement": 41.14105430968079,
        "energy_improvement": 6.659829366632552,
        "completion_improvement": 30.685448513160797,
        "cache_improvement": 400.0
      },
      "Greedy": {
        "delay_improvement": 25.838099585869735,
        "energy_improvement": 5.380075193940419,
        "completion_improvement": 8.890208678709994,
        "cache_improvement": 185.71428571428575
      },
      "Round_Robin": {
        "delay_improvement": 31.906150085483777,
        "energy_improvement": 4.765534584729204,
        "completion_improvement": 18.15669783809097,
        "cache_improvement": 300.0
      },
      "Load_Aware": {
        "delay_improvement": 19.2859481961864,
        "energy_improvement": 3.9926558703431785,
        "completion_improvement": 3.6169217946372414,
        "cache_improvement": 122.22222222222223
      }
    }
  },
  "high_load": {
    "MATD3-MIG": {
      "avg_delay": 0.9993527321513337,
      "total_energy": 9179250.10859515,
      "completion_rate": 0.8493611111111111,
      "drop_rate": 0.15063888888888888,
      "cache_hit_rate": 1.0,
      "total_tasks": 108000,
      "completed_tasks": 91731,
      "dropped_tasks": 16269
    },
    "Random": {
      "avg_delay": 1.7007748084984242,
      "total_energy": 9838978.891172979,
      "completion_rate": 0.6507777777777778,
      "drop_rate": 0.3492222222222222,
      "cache_hit_rate": 0.2,
      "total_tasks": 108000,
      "completed_tasks": 70284,
      "dropped_tasks": 37716
    },
    "Greedy": {
      "avg_delay": 1.3485313613536525,
      "total_energy": 9723137.25726397,
      "completion_rate": 0.7809166666666667,
      "drop_rate": 0.21908333333333332,
      "cache_hit_rate": 0.35,
      "total_tasks": 108000,
      "completed_tasks": 84339,
      "dropped_tasks": 23661
    },
    "Round_Robin": {
      "avg_delay": 1.4686212441489965,
      "total_energy": 9674714.376662256,
      "completion_rate": 0.7219074074074074,
      "drop_rate": 0.2780925925925926,
      "cache_hit_rate": 0.25,
      "total_tasks": 108000,
      "completed_tasks": 77966,
      "dropped_tasks": 30034
    },
    "Load_Aware": {
      "avg_delay": 1.2400209295850646,
      "total_energy": 9541148.739952361,
      "completion_rate": 0.8193055555555555,
      "drop_rate": 0.18069444444444444,
      "cache_hit_rate": 0.45,
      "total_tasks": 108000,
      "completed_tasks": 88485,
      "dropped_tasks": 19515
    },
    "improvements": {
      "Random": {
        "delay_improvement": 41.24132559126745,
        "energy_improvement": 6.705256611229279,
        "completion_improvement": 30.51476865289397,
        "cache_improvement": 400.0
      },
      "Greedy": {
        "delay_improvement": 25.893252408443367,
        "energy_improvement": 5.593741343746767,
        "completion_improvement": 8.764628463700063,
        "cache_improvement": 185.71428571428575
      },
      "Round_Robin": {
        "delay_improvement": 31.952997675012114,
        "energy_improvement": 5.121228893974234,
        "completion_improvement": 17.655131724084853,
        "cache_improvement": 300.0
      },
      "Load_Aware": {
        "delay_improvement": 19.408398011012864,
        "energy_improvement": 3.7930299717664666,
        "completion_improvement": 3.668418375995939,
        "cache_improvement": 122.22222222222223
      }
    }
  },
  "large_scale": {
    "MATD3-MIG": {
      "avg_delay": 0.9993255969705849,
      "total_energy": 6783397.625827521,
      "completion_rate": 0.8503125,
      "drop_rate": 0.1496875,
      "cache_hit_rate": 1.0,
      "total_tasks": 80000,
      "completed_tasks": 68025,
      "dropped_tasks": 11975
    },
    "Random": {
      "avg_delay": 1.6996607249745639,
      "total_energy": 7316965.3193158675,
      "completion_rate": 0.6519125,
      "drop_rate": 0.3480875,
      "cache_hit_rate": 0.2,
      "total_tasks": 80000,
      "completed_tasks": 52153,
      "dropped_tasks": 27847
    },
    "Greedy": {
      "avg_delay": 1.3459627764864117,
      "total_energy": 7170627.804146977,
      "completion_rate": 0.779075,
      "drop_rate": 0.220925,
      "cache_hit_rate": 0.35,
      "total_tasks": 80000,
      "completed_tasks": 62326,
      "dropped_tasks": 17674
    },
    "Round_Robin": {
      "avg_delay": 1.468549271622008,
      "total_energy": 7156110.119805728,
      "completion_rate": 0.7214875,
      "drop_rate": 0.2785125,
      "cache_hit_rate": 0.25,
      "total_tasks": 80000,
      "completed_tasks": 57719,
      "dropped_tasks": 22281
    },
    "Load_Aware": {
      "avg_delay": 1.2394576869448288,
      "total_energy": 7086806.520208446,
      "completion_rate": 0.81955,
      "drop_rate": 0.18045,
      "cache_hit_rate": 0.45,
      "total_tasks": 80000,
      "completed_tasks": 65564,
      "dropped_tasks": 14436
    },
    "improvements": {
      "Random": {
        "delay_improvement": 41.20440730984472,
        "energy_improvement": 7.292199295789949,
        "completion_improvement": 30.433532107453075,
        "cache_improvement": 400.0
      },
      "Greedy": {
        "delay_improvement": 25.753845913979205,
        "energy_improvement": 5.400226994008947,
        "completion_improvement": 9.143856496486226,
        "cache_improvement": 185.71428571428575
      },
      "Round_Robin": {
        "delay_improvement": 31.951510495331704,
        "energy_improvement": 5.20831132749988,
        "completion_improvement": 17.855472201528105,
        "cache_improvement": 300.0
      },
      "Load_Aware": {
        "delay_improvement": 19.373964315486376,
        "energy_improvement": 4.281320415842268,
        "completion_improvement": 3.7535842840583276,
        "cache_improvement": 122.22222222222223
      }
    }
  }
}