{
  "algorithm": "MATD3",
  "episodes": 6,
  "reward_history": [
    58.81115634556068,
    62.68040057469182,
    61.24969194637322,
    56.306319906873995,
    58.30572514976018,
    58.62459705862275
  ],
  "delay_statistics": {
    "mean": 0.6215198479319631,
    "std": 0.038415170227217105,
    "min": 0.5520585595961711,
    "max": 0.6825551731302048,
    "median": 0.6216974746085775,
    "count": 6,
    "invalid_count": 0
  },
  "cache_performance": {
    "overall_hit_rate": 0.3567937438905181,
    "total_requests": 1023,
    "total_hits": 365,
    "unique_contents": 100
  },
  "timestamp": "2025-09-19T20:15:22.785053"
}