{
  "algorithm": "TD3",
  "agent_type": "single_agent",
  "timestamp": "20250920_014957",
  "training_start_time": "2025-09-20T01:49:57.476833",
  "training_config": {
    "num_episodes": 5,
    "training_time_hours": 0.00017711559931437174,
    "max_steps_per_episode": 200
  },
  "episode_rewards": [
    -35.55287843792609,
    -61.181970777684214,
    -39.6338013213421,
    -25.883467847777183,
    -23.823744052219794
  ],
  "episode_metrics": {
    "avg_delay": [],
    "total_energy": [],
    "task_completion_rate": [
      1.0,
      1.0,
      0.5,
      1.0,
      0.0
    ],
    "cache_hit_rate": [
      0.0,
      1.0,
      0.0,
      1.0,
      0.0
    ],
    "migration_success_rate": [
      0.8,
      0.8,
      0.8,
      0.8,
      0.8
    ]
  },
  "final_performance": {
    "avg_reward": -37.21517248738987,
    "avg_delay": 0.031943738251780686,
    "avg_completion": 0.7
  }
}