{
  "algorithm": "TD3",
  "agent_type": "single_agent",
  "timestamp": "20250919_214633",
  "training_start_time": "2025-09-19T21:46:33.460918",
  "training_config": {
    "num_episodes": 3,
    "training_time_hours": 0.00035833822356330023,
    "max_steps_per_episode": 100
  },
  "episode_rewards": [
    -617.0838994400824,
    -765.2952521619569,
    -597.3174685562271
  ],
  "episode_metrics": {
    "avg_delay": [],
    "total_energy": [],
    "task_completion_rate": [
      0.64,
      0.5357142857142857,
      0.5714285714285714
    ],
    "cache_hit_rate": [
      0.0,
      0.0,
      0.0
    ],
    "migration_success_rate": [
      0.8,
      0.8,
      0.8
    ]
  },
  "final_performance": {
    "avg_reward": -659.8988733860888,
    "avg_delay": 0.5659167009301377,
    "avg_completion": 0.5823809523809523
  }
}