{
  "algorithm": "TD3",
  "agent_type": "single_agent",
  "timestamp": "20250919_214648",
  "training_start_time": "2025-09-19T21:46:48.273082",
  "training_config": {
    "num_episodes": 2,
    "training_time_hours": 0.00024832652674780954,
    "max_steps_per_episode": 100
  },
  "episode_rewards": [
    -817.5362410485008,
    -566.6555781575003
  ],
  "episode_metrics": {
    "avg_delay": [],
    "total_energy": [],
    "task_completion_rate": [
      0.5,
      0.6086956521739131
    ],
    "cache_hit_rate": [
      0.0,
      0.0
    ],
    "migration_success_rate": [
      0.8,
      0.8
    ]
  },
  "final_performance": {
    "avg_reward": -692.0959096030006,
    "avg_delay": 0.5655373710012704,
    "avg_completion": 0.5543478260869565
  }
}